title,author,description,image_url,category,subscribers
Joe Rogan Experience Review podcast,Joe Rogan Experience Review podcast,,https://is1-ssl.mzstatic.com/image/thumb/Podcasts122/v4/ed/1d/bd/ed1dbd32-343e-54a1-ae7f-7e08842cb07b/mza_13062616068522634290.jpg/600x600bb.jpg,Society & Culture,0
Crime Junkie,audiochuck,,https://is1-ssl.mzstatic.com/image/thumb/Podcasts126/v4/8c/35/04/8c350430-2fbf-98d0-0a25-00b76550ffeb/mza_13445204151221888086.jpg/600x600bb.jpg,True Crime,0
Stuff You Should Know,iHeartPodcasts,,https://is1-ssl.mzstatic.com/image/thumb/Podcasts126/v4/17/a1/ce/17a1ce39-f248-8750-351a-0201206df213/mza_6600839420822557618.jpg/600x600bb.jpg,Society & Culture,0
Call Her Daddy,Alex Cooper,,https://is1-ssl.mzstatic.com/image/thumb/Podcasts221/v4/77/f4/01/77f401a9-b238-737e-bd06-465b26e24fc3/mza_11362461085172718207.jpg/600x600bb.jpg,Comedy,0
The Daily,The New York Times,,https://is1-ssl.mzstatic.com/image/thumb/Podcasts221/v4/85/1a/e0/851ae0f4-4d48-93f2-1d5f-9f66edd7fcac/mza_7536997295015252616.jpg/600x600bb.jpg,Daily News,0
SmartLess,"Jason Bateman, Sean Hayes, Will Arnett",,https://is1-ssl.mzstatic.com/image/thumb/Podcasts211/v4/4f/e6/a4/4fe6a437-d995-4cb3-8ae1-6a1964c784e6/mza_3757738654304222645.jpg/600x600bb.jpg,Comedy,0
Dateline NBC,NBC News,,https://is1-ssl.mzstatic.com/image/thumb/Podcasts115/v4/8c/00/7a/8c007a42-e550-0214-d4cb-b59cd7edf194/mza_5305664083935674472.jpeg/600x600bb.jpg,True Crime,0
The Joe Rogan Experience,Joe Rogan,,https://is1-ssl.mzstatic.com/image/thumb/Podcasts221/v4/35/03/b7/3503b7e4-88aa-37f3-81df-a0095f594fb6/mza_6506741776716204839.jpg/600x600bb.jpg,Comedy,0
Betrayal: Weekly,iHeartPodcasts and Glass Podcasts,,https://is1-ssl.mzstatic.com/image/thumb/Podcasts221/v4/57/c2/2d/57c22dcb-e4c0-bb41-2b58-3f02ba8fb9cb/mza_11689257890552609448.jpg/600x600bb.jpg,True Crime,0
The MeatEater Podcast,MeatEater,,https://is1-ssl.mzstatic.com/image/thumb/Podcasts126/v4/dd/42/ab/dd42ab8a-076a-45e8-3313-d2848e4e86c4/mza_822451970353743060.jpg/600x600bb.jpg,Wilderness,0
This American Life,This American Life,,https://is1-ssl.mzstatic.com/image/thumb/Podcasts211/v4/31/17/7d/31177d4f-228e-db21-8cfd-f46b62ec8a2d/mza_2826276265389342.png/600x600bb.jpg,Society & Culture,0
Global News Podcast,BBC World Service,,https://is1-ssl.mzstatic.com/image/thumb/Podcasts115/v4/23/9d/ce/239dcef7-d24d-bb0b-1ed1-7b7a87d635ce/mza_7839052379663357293.jpg/600x600bb.jpg,Daily News,0
My Favorite Murder with Karen Kilgariff and Georgia Hardstark,Exactly Right Media – the original true crime comedy network,,https://is1-ssl.mzstatic.com/image/thumb/Podcasts122/v4/84/29/ce/8429cecb-2e88-64bc-6d4d-4e1d5b3cee02/mza_13621725041891062389.jpeg/600x600bb.jpg,True Crime,0
Something You Should Know,Mike Carruthers | OmniCast Media,,https://is1-ssl.mzstatic.com/image/thumb/Podcasts112/v4/e6/e3/53/e6e353d5-f413-8cc7-c604-a7dec201da3e/mza_16562108117631446967.jpeg/600x600bb.jpg,Social Sciences,0
On Purpose with Jay Shetty,iHeartPodcasts,,https://is1-ssl.mzstatic.com/image/thumb/Podcasts126/v4/f3/5e/2c/f35e2cb4-76ec-52f3-448e-546cabaaff3f/mza_15502965911695514461.jpg/600x600bb.jpg,Mental Health,0
Criminal,Vox Media Podcast Network,,https://is1-ssl.mzstatic.com/image/thumb/Podcasts221/v4/bd/98/22/bd9822cc-b8e0-59de-5809-45926a0ee5f3/mza_2331604259390110897.jpeg/600x600bb.jpg,Documentary,0
Fresh Air,NPR,,https://is1-ssl.mzstatic.com/image/thumb/Podcasts116/v4/6a/59/05/6a5905f4-34c3-48ca-f993-3003e7af832e/mza_5140543993315419761.jpg/600x600bb.jpg,Books,0
Mark Levin Podcast,Cumulus Podcast Network,,https://is1-ssl.mzstatic.com/image/thumb/Podcasts112/v4/eb/a4/ca/eba4caf5-6c82-b76b-e0ed-44d20540bc44/mza_12376995222786825553.jpeg/600x600bb.jpg,News Commentary,0
WTF with Marc Maron Podcast,Marc Maron,,https://is1-ssl.mzstatic.com/image/thumb/Podcasts122/v4/8b/14/d0/8b14d040-414c-92a6-21f8-04fb72d8d926/mza_13560057034834656474.jpeg/600x600bb.jpg,Comedy,0
The Megyn Kelly Show,SiriusXM,,https://is1-ssl.mzstatic.com/image/thumb/Podcasts221/v4/8c/12/3a/8c123a1b-3612-c1f5-4c22-e5ad27965e9b/mza_4115034437521929187.jpg/600x600bb.jpg,News Commentary,0
Wait Wait... Don't Tell Me!,NPR,,https://is1-ssl.mzstatic.com/image/thumb/Podcasts126/v4/b0/4c/9d/b04c9dbe-2dba-bfdd-421e-4f920f8694b7/mza_5795747982723661931.jpg/600x600bb.jpg,Comedy,0
Up First from NPR,NPR,,https://is1-ssl.mzstatic.com/image/thumb/Podcasts211/v4/8b/76/9f/8b769f5e-eaa4-6063-b275-105a61486174/mza_12719536532096179796.jpg/600x600bb.jpg,Daily News,0
The Ben Shapiro Show,The Daily Wire,,https://is1-ssl.mzstatic.com/image/thumb/Podcasts126/v4/98/cc/80/98cc805a-96a1-722c-c4ab-6f439eab1488/mza_15851251438621717582.jpg/600x600bb.jpg,News,0
Morbid,Morbid Network | Wondery,,https://is1-ssl.mzstatic.com/image/thumb/Podcasts116/v4/6c/17/a4/6c17a4dd-4eff-f6a1-1f97-5c710c50edcb/mza_15940736951005474349.jpeg/600x600bb.jpg,True Crime,0
The Bill Simmons Podcast,The Ringer,,https://is1-ssl.mzstatic.com/image/thumb/Podcasts211/v4/10/19/40/1019405d-d002-062f-2787-c8071858684b/mza_2893206915343828695.jpg/600x600bb.jpg,Sports,0
Unlocking Us with Brené Brown,Vox Media Podcast Network,,https://is1-ssl.mzstatic.com/image/thumb/Podcasts122/v4/fa/5a/b2/fa5ab232-ec17-0097-769c-530642781242/mza_15696146413195049179.jpg/600x600bb.jpg,Relationships,0
The Breakfast Club,iHeartPodcasts,,https://is1-ssl.mzstatic.com/image/thumb/Podcasts116/v4/d1/b6/de/d1b6deed-7790-cd8a-9464-c2ec17f4c0ef/mza_17141217452008822855.jpg/600x600bb.jpg,Comedy,0
Hidden Brain,"Hidden Brain, Shankar Vedantam",,https://is1-ssl.mzstatic.com/image/thumb/Podcasts126/v4/d9/97/f0/d997f0f5-284b-b90c-16f6-e2e675b831b3/mza_3280114077256997969.jpg/600x600bb.jpg,Social Sciences,0
The Dan Bongino Show,Cumulus Podcast Network | Dan Bongino,,https://is1-ssl.mzstatic.com/image/thumb/Podcasts112/v4/38/15/e3/3815e319-d596-8c46-b52d-474276b8e9e5/mza_5834749722353252877.jpg/600x600bb.jpg,News Commentary,0
The Moth,The Moth,,https://is1-ssl.mzstatic.com/image/thumb/Podcasts116/v4/5f/b0/fb/5fb0fb28-e72e-5964-8dbd-79fb6018d955/mza_4240321372522070601.png/600x600bb.jpg,Performing Arts,0
Dan Carlin's Hardcore History,Dan Carlin,,https://is1-ssl.mzstatic.com/image/thumb/Podcasts115/v4/49/b7/eb/49b7eb32-8f08-6fac-aadb-2f002131fe5f/mza_15196161972010256532.jpg/600x600bb.jpg,History,0
Adam Carolla Show,PodcastOne / Carolla Digital,,https://is1-ssl.mzstatic.com/image/thumb/Podcasts123/v4/65/bd/4f/65bd4fbe-4b6e-0309-4664-d4fec6fcce6a/mza_4993173471825571783.png/600x600bb.jpg,Comedy,0
Office Ladies,Audacy & Jenna Fischer and Angela Kinsey,,https://is1-ssl.mzstatic.com/image/thumb/Podcasts221/v4/8f/9f/8d/8f9f8d2c-9cd4-302d-2136-f4b473385d8b/mza_3667898821375414961.jpg/600x600bb.jpg,Comedy,0
Up and Vanished,Tenderfoot TV,,https://is1-ssl.mzstatic.com/image/thumb/Podcasts126/v4/68/1a/78/681a7861-65e6-4f65-8525-e477c820b38f/mza_7454264069961499508.jpg/600x600bb.jpg,True Crime,0
The Glenn Beck Program,Blaze Podcast Network,,https://is1-ssl.mzstatic.com/image/thumb/Podcasts112/v4/02/ec/16/02ec1687-f50c-932d-bd9f-1a491ff985c8/mza_11642726901970161660.jpg/600x600bb.jpg,News Commentary,0
The NPR Politics Podcast,NPR,,https://is1-ssl.mzstatic.com/image/thumb/Podcasts116/v4/4a/31/31/4a3131bc-efa3-bb6f-5e2f-e03eeb31207e/mza_16905014572685201208.jpg/600x600bb.jpg,Politics,0
NPR News Now,NPR,,https://is1-ssl.mzstatic.com/image/thumb/Podcasts126/v4/14/fa/f4/14faf41a-98f3-bbc6-2982-4d8506867409/mza_6659725490183229403.jpg/600x600bb.jpg,Daily News,0
Monday Morning Podcast,All Things Comedy,,https://is1-ssl.mzstatic.com/image/thumb/Podcasts211/v4/ba/a3/6b/baa36bc4-21cc-869b-0ca1-25300deff899/mza_4932700917255071769.jpg/600x600bb.jpg,Comedy,0
Armchair Expert with Dax Shepard,Armchair Umbrella,,https://is1-ssl.mzstatic.com/image/thumb/Podcasts221/v4/c2/89/97/c28997a2-e7b6-871f-a547-c16fae6274f8/mza_6556026596496032012.jpeg/600x600bb.jpg,Comedy,0
Lore,Aaron Mahnke,,https://is1-ssl.mzstatic.com/image/thumb/Podcasts126/v4/9b/e0/c0/9be0c09c-b803-4774-77d3-85167bc87a31/mza_16743750170316675841.jpg/600x600bb.jpg,History,0
Freakonomics Radio,Freakonomics Radio + Stitcher,,https://is1-ssl.mzstatic.com/image/thumb/Podcasts115/v4/f7/0c/c5/f70cc540-ce36-d96f-b111-c970aad5505c/mza_17703422762227531425.jpg/600x600bb.jpg,Documentary,0
Serial,Serial Productions & The New York Times,,https://is1-ssl.mzstatic.com/image/thumb/Podcasts211/v4/3c/c9/f4/3cc9f453-7d2e-0e86-fd9d-41987f401833/mza_13131988328748860430.jpg/600x600bb.jpg,News,0
The Ramsey Show,Ramsey Network,,https://is1-ssl.mzstatic.com/image/thumb/Podcasts221/v4/9d/a6/81/9da6813d-3862-e4fc-f697-55aae4203027/mza_12320698715614301083.jpg/600x600bb.jpg,Investing,0
Sword and Scale,Sword and Scale,,https://is1-ssl.mzstatic.com/image/thumb/Podcasts211/v4/13/82/10/13821006-66a7-5fac-4277-9135dd63cf1b/mza_10310602257810423911.jpg/600x600bb.jpg,True Crime,0
Duolingo Spanish Podcast,Duolingo,,https://is1-ssl.mzstatic.com/image/thumb/Podcasts115/v4/aa/a0/f5/aaa0f562-64a8-401f-bfe8-7b6a49ec5943/mza_2619062143639023486.png/600x600bb.jpg,Education,0
Comedy Bang Bang: The Podcast,Earwolf and Scott Aukerman,,https://is1-ssl.mzstatic.com/image/thumb/Podcasts221/v4/39/64/64/396464cc-0734-8bee-9927-40397d8e3995/mza_11422191758228674468.jpg/600x600bb.jpg,Comedy,0
Conan O’Brien Needs A Friend,Team Coco & Earwolf,,https://is1-ssl.mzstatic.com/image/thumb/Podcasts221/v4/3f/c5/4c/3fc54cc4-5f86-130a-7d69-d83519d59c32/mza_4548279274177957433.jpg/600x600bb.jpg,Comedy,0
The Rachel Maddow Show,"Rachel Maddow, MSNBC",,https://is1-ssl.mzstatic.com/image/thumb/Podcasts116/v4/ac/48/c3/ac48c348-88e6-9054-658c-cd3af0f34ff3/mza_3292096840804657704.jpg/600x600bb.jpg,News,0
The Dan Le Batard Show with Stugotz,"Dan Le Batard, Stugotz",,https://is1-ssl.mzstatic.com/image/thumb/Podcasts221/v4/50/0d/23/500d23ce-7350-d80f-ea65-0ecc905c8d4e/mza_3736665950068626642.jpg/600x600bb.jpg,Sports,0
Casefile True Crime,Casefile Presents,,https://is1-ssl.mzstatic.com/image/thumb/Podcasts115/v4/f0/d3/62/f0d36290-b222-397c-f1a5-02623a69b3f0/mza_9983181717749715502.jpg/600x600bb.jpg,True Crime,0
The Bible in a Year (with Fr. Mike Schmitz),Ascension,,https://is1-ssl.mzstatic.com/image/thumb/Podcasts116/v4/ca/87/e0/ca87e07d-9d97-a433-1dc9-55dcfbd54f17/mza_9875864189557480350.jpg/600x600bb.jpg,Christianity,0
In The Dark,The New Yorker,,https://is1-ssl.mzstatic.com/image/thumb/Podcasts221/v4/b6/e0/a5/b6e0a5c0-3464-16a9-1379-371160e06e77/mza_10097651007694849054.jpg/600x600bb.jpg,True Crime,0
The Tony Robbins Podcast,Tony Robbins,,https://is1-ssl.mzstatic.com/image/thumb/Podcasts113/v4/e6/b2/07/e6b207fe-abce-2c9c-e77a-688bca6940e5/mza_14393082705490695481.jpg/600x600bb.jpg,Education,0
BiggerPockets Real Estate Podcast,BiggerPockets,,https://is1-ssl.mzstatic.com/image/thumb/Podcasts211/v4/d7/76/39/d7763936-f77b-d766-e972-a6ec5a2fcc7b/mza_1198935309827756564.jpeg/600x600bb.jpg,Investing,0
Player One Podcast,Player One Podcast,,https://is1-ssl.mzstatic.com/image/thumb/Podcasts123/v4/a6/51/0c/a6510cb0-29a5-9764-9785-a90a198b4ed1/mza_4512170944958441274.png/600x600bb.jpg,Video Games,0
The Rachel Hollis Podcast,Three Percent Chance,,https://is1-ssl.mzstatic.com/image/thumb/Podcasts112/v4/94/3e/f5/943ef503-8033-6c4b-3e86-a23274d70e5d/mza_10328776307312027795.jpg/600x600bb.jpg,Self-Improvement,0
The NoSleep Podcast,Creative Reason Media Inc.,,https://is1-ssl.mzstatic.com/image/thumb/Podcasts126/v4/cd/bb/90/cdbb90fb-0110-74ab-39ec-0e564dbbba30/mza_16674526559908986622.jpg/600x600bb.jpg,Science Fiction,0
Fantasy Footballers - Fantasy Football Podcast,Fantasy Football,,https://is1-ssl.mzstatic.com/image/thumb/Podcasts122/v4/36/ac/3f/36ac3f30-badd-12b2-cf89-1858ef80e85d/mza_8273841243534863782.png/600x600bb.jpg,Fantasy Sports,0
The Herd with Colin Cowherd,iHeartPodcasts and The Volume,,https://is1-ssl.mzstatic.com/image/thumb/Podcasts126/v4/91/81/93/91819302-8e99-ebf7-6d84-72f00bbf43b8/mza_16107375498344172451.jpg/600x600bb.jpg,Football,0
The Dan Patrick Show,iHeartPodcasts and Dan Patrick Podcast Network,,https://is1-ssl.mzstatic.com/image/thumb/Podcasts126/v4/f1/ba/b2/f1bab250-0961-df90-87cc-69a05cea4086/mza_12059305417747994904.jpg/600x600bb.jpg,Sports,0
Joel Osteen Podcast,"Joel Osteen, SiriusXM",,https://is1-ssl.mzstatic.com/image/thumb/Podcasts126/v4/60/4c/50/604c5053-59e5-6203-453c-e90b5238de1d/mza_2582820287677153185.jpg/600x600bb.jpg,Religion & Spirituality,0
Last Podcast On The Left,The Last Podcast Network,,https://is1-ssl.mzstatic.com/image/thumb/Podcasts211/v4/25/c9/7f/25c97f36-41e7-38a9-7e95-4f87997024f4/mza_430481307357513215.jpg/600x600bb.jpg,True Crime,0
Welcome to Night Vale,Night Vale Presents,,https://is1-ssl.mzstatic.com/image/thumb/Podcasts125/v4/4a/31/35/4a3135d0-1fe7-a2d7-fb43-d182ec175402/mza_8232698753950666850.jpg/600x600bb.jpg,Science Fiction,0
Jocko Podcast,Jocko DEFCOR Network,,https://is1-ssl.mzstatic.com/image/thumb/Podcasts116/v4/e8/d9/54/e8d95480-c500-9306-89c1-9503a8eca007/mza_17025325643591784610.jpg/600x600bb.jpg,Management,0
CounterClock,audiochuck,,https://is1-ssl.mzstatic.com/image/thumb/Podcasts211/v4/6f/7e/3d/6f7e3d42-e264-f806-c1d2-1d2bb74ba6e4/mza_1701479573862196441.jpg/600x600bb.jpg,True Crime,0
BibleProject,BibleProject Podcast,,https://is1-ssl.mzstatic.com/image/thumb/Podcasts126/v4/d1/4a/ab/d14aab84-7078-0e1e-62ae-555427fdcbf0/mza_14708127025668720447.jpg/600x600bb.jpg,Christianity,0
The Joe Budden Podcast,The Joe Budden Network,,https://is1-ssl.mzstatic.com/image/thumb/Podcasts113/v4/f2/21/fa/f221fabd-017f-5125-633b-f1fe4f39802a/mza_182995249085044287.jpg/600x600bb.jpg,Music,0
How Did This Get Made?,"Earwolf and Paul Scheer, June Diane Raphael, Jason Mantzoukas",,https://is1-ssl.mzstatic.com/image/thumb/Podcasts221/v4/e0/77/bc/e077bc12-84ed-358c-a0f4-645886406882/mza_13180338219980723836.jpg/600x600bb.jpg,Comedy,0
THE ED MYLETT SHOW,Ed Mylett | Cumulus Podcast Network,,https://is1-ssl.mzstatic.com/image/thumb/Podcasts112/v4/0c/12/b7/0c12b7aa-b150-75dd-191b-ad439144881e/mza_1317836839904583514.jpg/600x600bb.jpg,Self-Improvement,0
Revisionist History,Pushkin Industries,,https://is1-ssl.mzstatic.com/image/thumb/Podcasts112/v4/5f/a5/31/5fa53178-8efc-5bbf-2cb2-88eac2f7a7a4/mza_8828738869024330911.jpg/600x600bb.jpg,Society & Culture,0
The Charlie Kirk Show,Charlie Kirk,,https://is1-ssl.mzstatic.com/image/thumb/Podcasts211/v4/74/d3/2c/74d32ced-dcac-ba1d-7a37-a66db810f131/mza_4540846771952080561.jpg/600x600bb.jpg,News Commentary,0
Where Should We Begin? with Esther Perel,Esther Perel Global Media,,https://is1-ssl.mzstatic.com/image/thumb/Podcasts221/v4/71/37/e3/7137e32d-60e9-392c-6b5c-46786f18f4fc/mza_7234055438062391952.jpeg/600x600bb.jpg,Society & Culture,0
REAL AF with Andy Frisella,Andy Frisella #100to0,,https://is1-ssl.mzstatic.com/image/thumb/Podcasts115/v4/55/21/67/55216775-731a-1a0b-6c2a-81923902f058/mza_11706571282358600140.jpeg/600x600bb.jpg,Entrepreneurship,0
Anatomy of Murder,audiochuck,,https://is1-ssl.mzstatic.com/image/thumb/Podcasts126/v4/9e/36/d1/9e36d108-2b76-cd96-4db8-da4c18740466/mza_16871784055227800584.jpg/600x600bb.jpg,True Crime,0
Coffee Break Spanish,Coffee Break Languages,,https://is1-ssl.mzstatic.com/image/thumb/Podcasts115/v4/8c/60/bb/8c60bbc0-0bfb-13c9-ec70-ec7812061d5e/mza_3440928626851101255.jpg/600x600bb.jpg,Language Learning,0
FiveThirtyEight Politics,"ABC News, 538, FiveThirtyEight, Galen Druke",,https://is1-ssl.mzstatic.com/image/thumb/Podcasts122/v4/93/89/72/938972a7-1617-17bb-d17f-bc66e05dcac3/mza_14995130231529733454.jpg/600x600bb.jpg,Politics,0
The Vanished Podcast,Wondery,,https://is1-ssl.mzstatic.com/image/thumb/Podcasts221/v4/1e/28/e9/1e28e9c6-be68-a47a-b325-a59e40d34ffc/mza_8622966552342458850.jpeg/600x600bb.jpg,True Crime,0
The Generation Why Podcast,Wondery,,https://is1-ssl.mzstatic.com/image/thumb/Podcasts221/v4/51/ea/51/51ea510c-5a19-316a-ada5-3153b0d75ae7/mza_3387789551596579492.jpeg/600x600bb.jpg,True Crime,0
Unashamed with the Robertson Family,Blaze Podcast Network,,https://is1-ssl.mzstatic.com/image/thumb/Podcasts112/v4/41/1e/12/411e12e9-3d1c-1043-1701-55781c604f8e/mza_11347618863661987221.jpg/600x600bb.jpg,Christianity,0
Marketplace,Marketplace,,https://is1-ssl.mzstatic.com/image/thumb/Podcasts125/v4/21/09/ce/2109ce83-20b7-26bb-1af7-ae80299686da/mza_14819090495944690305.png/600x600bb.jpg,Business,0
A Window to the Magic - Disneyland Audio Adventure Podcast,Paul J Barrie Jr,,https://is1-ssl.mzstatic.com/image/thumb/Podcasts221/v4/e9/c7/57/e9c757c9-617e-8e9e-c652-07b9655f6874/mza_10134977412402119090.jpg/600x600bb.jpg,Kids & Family,0
On Point | Podcast,WBUR,,https://is1-ssl.mzstatic.com/image/thumb/Podcasts126/v4/b0/a1/bc/b0a1bc30-e0c6-55c6-edff-041c052eab44/mza_3265038665844079309.jpg/600x600bb.jpg,Daily News,0
Joyce Meyer Enjoying Everyday Life® Radio Podcast,Joyce Meyer,,https://is1-ssl.mzstatic.com/image/thumb/Podcasts116/v4/30/4f/81/304f8110-5afc-c577-c08e-574f2aa3a7ba/mza_17899449223415778126.jpg/600x600bb.jpg,Religion & Spirituality,0
The Catch and Kill Podcast with Ronan Farrow,Pineapple Street Studios and Audacy,,https://is1-ssl.mzstatic.com/image/thumb/Podcasts211/v4/c8/f1/7a/c8f17a18-8947-b0ed-a646-0649b29c2878/mza_10056448819102520936.jpg/600x600bb.jpg,Society & Culture,0
Something Was Wrong,Broken Cycle Media | Wondery,,https://is1-ssl.mzstatic.com/image/thumb/Podcasts211/v4/39/6c/68/396c689f-526b-cb38-b3a5-a0cc983e21bd/mza_2517653211667899875.jpeg/600x600bb.jpg,True Crime,0
11 O'Clock Comics Podcast,11 O'Clock Comics,,https://is1-ssl.mzstatic.com/image/thumb/Podcasts221/v4/69/9d/53/699d53f7-450b-01ef-c7f0-debe8aec9c3f/mza_16691388329622105388.jpg/600x600bb.jpg,Visual Arts,0
"2 Bears, 1 Cave with Tom Segura & Bert Kreischer",YMH Studios,,https://is1-ssl.mzstatic.com/image/thumb/Podcasts221/v4/23/5a/ca/235aca6f-2181-7462-537a-cf464f3c7a06/mza_13409805296262268574.jpg/600x600bb.jpg,Comedy,0
Planet Money,NPR,,https://is1-ssl.mzstatic.com/image/thumb/Podcasts116/v4/4a/70/18/4a7018be-cad8-6440-e1ac-04f6355844a7/mza_17773332374488416462.jpg/600x600bb.jpg,Business,0
We Can Do Hard Things,Glennon Doyle and Audacy,,https://is1-ssl.mzstatic.com/image/thumb/Podcasts122/v4/5b/6f/36/5b6f3626-08ae-2884-fe2a-8a18dc1b3efc/mza_11692588893670531174.jpg/600x600bb.jpg,Relationships,0
The Bible Recap,Tara-Leigh Cobble,,https://is1-ssl.mzstatic.com/image/thumb/Podcasts116/v4/a9/39/6e/a9396eee-5799-ca86-3338-c425ac92d5f8/mza_4094078393490984677.png/600x600bb.jpg,Christianity,0
Timothy Keller Sermons Podcast by Gospel in Life,Tim Keller,,https://is1-ssl.mzstatic.com/image/thumb/Podcasts126/v4/9b/89/18/9b8918d2-5a02-e3f4-18dc-787a747122e4/mza_6961486960125567640.jpg/600x600bb.jpg,Christianity,0
We Study Billionaires - The Investor’s Podcast Network,The Investor's Podcast Network,,https://is1-ssl.mzstatic.com/image/thumb/Podcasts211/v4/e5/1d/ec/e51decd3-c299-33d3-15dc-cbf732db40ba/mza_7000864012270734067.jpg/600x600bb.jpg,Investing,0
Full Body Chills,audiochuck,,https://is1-ssl.mzstatic.com/image/thumb/Podcasts116/v4/8a/ac/97/8aac97fa-64d0-59c3-309d-13dfa86691c6/mza_7243056048626100546.jpg/600x600bb.jpg,Fiction,0
The Documentary Podcast,BBC World Service,,https://is1-ssl.mzstatic.com/image/thumb/Podcasts221/v4/46/ec/29/46ec29cc-2aa5-cc10-2c22-0874039d438e/mza_15255657506272477772.jpg/600x600bb.jpg,Personal Journals,0
The Jordan B. Peterson Podcast,Dr. Jordan B. Peterson,,https://is1-ssl.mzstatic.com/image/thumb/Podcasts112/v4/6e/7b/5a/6e7b5af3-b8c9-9d4c-9ca7-d23238187f10/mza_5230574258595727520.jpeg/600x600bb.jpg,Education,0
Oprah’s Master Class: The Podcast,Oprah,,https://is1-ssl.mzstatic.com/image/thumb/Podcasts115/v4/b5/54/83/b5548363-91bd-d24a-5658-183c85a9d416/mza_14447128985115234187.jpg/600x600bb.jpg,Society & Culture,0
"My Brother, My Brother And Me",The McElroys,,https://is1-ssl.mzstatic.com/image/thumb/Podcasts125/v4/65/50/16/65501679-fe71-f13b-c18e-1cc6c9dee4b7/mza_1941005678300752966.jpg/600x600bb.jpg,Comedy,0
Relatable with Allie Beth Stuckey,Blaze Podcast Network,,https://is1-ssl.mzstatic.com/image/thumb/Podcasts116/v4/d7/2a/3b/d72a3b12-648e-9d4d-8bd4-dc351c4e0978/mza_13171927728600119347.jpg/600x600bb.jpg,News Commentary,0
Raging Bullets : A Comics Fan Podcast,Sean Whelan and Jim Segulin,,https://is1-ssl.mzstatic.com/image/thumb/Podcasts211/v4/fb/f3/15/fbf31556-86e1-7f17-e5ef-8d6889a632aa/mza_11230615855949996477.jpg/600x600bb.jpg,Visual Arts,0
Mission Log: A Roddenberry Star Trek Podcast,Roddenberry Entertainment,,https://is1-ssl.mzstatic.com/image/thumb/Podcasts125/v4/77/eb/a4/77eba45c-e377-d932-a902-d90c4df6d5c4/mza_14810823767146806658.jpg/600x600bb.jpg,TV Reviews,0
